,Unnamed: 0,Unnamed: 0.1,ID,Title,Year,Age,IMDb,Rotten Tomatoes,Netflix,Hulu,Prime Video,Disney+,Type,Directors,Genres,Country,Language,Runtime,Average Vader Score,Average Positive Score,All Scores,Average Vader Score (Critic),Average Positive Score (Critic),All scores (Critic)
0,0,0,1,Inception,2010,13+,8.8,87%,1,0,0,0,0,Christopher Nolan,"Action,Adventure,Sci-Fi,Thriller","United States,United Kingdom","English,Japanese,French",148.0,90.7525,46.525,"[{'neg': 0.0, 'neu': 0.238, 'pos': 0.762, 'compound': 0.8625}, {'neg': 0.0, 'neu': 0.565, 'pos': 0.435, 'compound': 0.9062}, {'neg': 0.071, 'neu': 0.79, 'pos': 0.14, 'compound': 0.8828}, {'neg': 0.0, 'neu': 0.476, 'pos': 0.524, 'compound': 0.9786}]",33.43541666666667,16.433333333333334,"[{'neg': 0.079, 'neu': 0.754, 'pos': 0.167, 'compound': 0.2225}, {'neg': 0.151, 'neu': 0.541, 'pos': 0.309, 'compound': 0.4678}, {'neg': 0.0, 'neu': 0.88, 'pos': 0.12, 'compound': 0.5994}, {'neg': 0.095, 'neu': 0.625, 'pos': 0.28, 'compound': 0.6808}, {'neg': 0.0, 'neu': 0.675, 'pos': 0.325, 'compound': 0.7717}, {'neg': 0.0, 'neu': 1.0, 'pos': 0.0, 'compound': 0.0}, {'neg': 0.0, 'neu': 1.0, 'pos': 0.0, 'compound': 0.0}, {'neg': 0.0, 'neu': 1.0, 'pos': 0.0, 'compound': 0.0}, {'neg': 0.0, 'neu': 0.728, 'pos': 0.272, 'compound': 0.6697}, {'neg': 0.111, 'neu': 0.889, 'pos': 0.0, 'compound': -0.3612}, {'neg': 0.0, 'neu': 0.588, 'pos': 0.412, 'compound': 0.6369}, {'neg': 0.068, 'neu': 0.932, 'pos': 0.0, 'compound': -0.1531}, {'neg': 0.079, 'neu': 0.754, 'pos': 0.167, 'compound': 0.2225}, {'neg': 0.151, 'neu': 0.541, 'pos': 0.309, 'compound': 0.4678}, {'neg': 0.0, 'neu': 0.88, 'pos': 0.12, 'compound': 0.5994}, {'neg': 0.095, 'neu': 0.625, 'pos': 0.28, 'compound': 0.6808}, {'neg': 0.0, 'neu': 1.0, 'pos': 0.0, 'compound': 0.0}, {'neg': 0.0, 'neu': 1.0, 'pos': 0.0, 'compound': 0.0}, {'neg': 0.0, 'neu': 0.728, 'pos': 0.272, 'compound': 0.6697}, {'neg': 0.111, 'neu': 0.889, 'pos': 0.0, 'compound': -0.3612}, {'neg': 0.0, 'neu': 0.588, 'pos': 0.412, 'compound': 0.6369}, {'neg': 0.068, 'neu': 0.932, 'pos': 0.0, 'compound': -0.1531}, {'neg': 0.0, 'neu': 0.757, 'pos': 0.243, 'compound': 0.8271}, {'neg': 0.0, 'neu': 0.744, 'pos': 0.256, 'compound': 0.9001}]"
1,1,1,2,The Matrix,1999,18+,8.7,87%,1,0,0,0,0,"Lana Wachowski,Lilly Wachowski","Action,Sci-Fi",United States,English,136.0,58.6425,14.175,"[{'neg': 0.104, 'neu': 0.767, 'pos': 0.13, 'compound': 0.3771}, {'neg': 0.0, 'neu': 0.895, 'pos': 0.105, 'compound': 0.25}, {'neg': 0.036, 'neu': 0.865, 'pos': 0.099, 'compound': 0.7267}, {'neg': 0.011, 'neu': 0.756, 'pos': 0.233, 'compound': 0.9919}]",40.01291666666666,16.5875,"[{'neg': 0.0, 'neu': 0.691, 'pos': 0.309, 'compound': 0.8555}, {'neg': 0.0, 'neu': 0.85, 'pos': 0.15, 'compound': 0.5719}, {'neg': 0.154, 'neu': 0.749, 'pos': 0.097, 'compound': -0.3612}, {'neg': 0.167, 'neu': 0.597, 'pos': 0.236, 'compound': 0.4349}, {'neg': 0.095, 'neu': 0.769, 'pos': 0.136, 'compound': 0.2023}, {'neg': 0.052, 'neu': 0.773, 'pos': 0.174, 'compound': 0.5984}, {'neg': 0.0, 'neu': 0.741, 'pos': 0.259, 'compound': 0.743}, {'neg': 0.167, 'neu': 0.833, 'pos': 0.0, 'compound': -0.296}, {'neg': 0.0, 'neu': 0.681, 'pos': 0.319, 'compound': 0.7263}, {'neg': 0.0, 'neu': 0.797, 'pos': 0.203, 'compound': 0.7651}, {'neg': 0.0, 'neu': 1.0, 'pos': 0.0, 'compound': 0.0}, {'neg': 0.055, 'neu': 0.734, 'pos': 0.211, 'compound': 0.8026}, {'neg': 0.0, 'neu': 0.691, 'pos': 0.309, 'compound': 0.8555}, {'neg': 0.0, 'neu': 0.85, 'pos': 0.15, 'compound': 0.5719}, {'neg': 0.154, 'neu': 0.749, 'pos': 0.097, 'compound': -0.3612}, {'neg': 0.167, 'neu': 0.597, 'pos': 0.236, 'compound': 0.4349}, {'neg': 0.0, 'neu': 0.741, 'pos': 0.259, 'compound': 0.743}, {'neg': 0.167, 'neu': 0.833, 'pos': 0.0, 'compound': -0.296}, {'neg': 0.0, 'neu': 0.681, 'pos': 0.319, 'compound': 0.7263}, {'neg': 0.0, 'neu': 0.797, 'pos': 0.203, 'compound': 0.7651}, {'neg': 0.0, 'neu': 1.0, 'pos': 0.0, 'compound': 0.0}, {'neg': 0.055, 'neu': 0.734, 'pos': 0.211, 'compound': 0.8026}, {'neg': 0.0, 'neu': 0.897, 'pos': 0.103, 'compound': 0.3182}, {'neg': 0.0, 'neu': 1.0, 'pos': 0.0, 'compound': 0.0}]"
2,2,2,3,Avengers: Infinity War,2018,13+,8.5,84%,1,0,0,0,0,"Anthony Russo,Joe Russo","Action,Adventure,Sci-Fi",United States,English,149.0,79.2775,15.775,"[{'neg': 0.138, 'neu': 0.706, 'pos': 0.156, 'compound': 0.7474}, {'neg': 0.046, 'neu': 0.795, 'pos': 0.159, 'compound': 0.8169}, {'neg': 0.101, 'neu': 0.755, 'pos': 0.144, 'compound': 0.9986}, {'neg': 0.139, 'neu': 0.689, 'pos': 0.172, 'compound': 0.6082}]",13.236666666666666,11.308333333333334,"[{'neg': 0.073, 'neu': 0.927, 'pos': 0.0, 'compound': -0.296}, {'neg': 0.097, 'neu': 0.796, 'pos': 0.107, 'compound': -0.1531}, {'neg': 0.133, 'neu': 0.867, 'pos': 0.0, 'compound': -0.4588}, {'neg': 0.175, 'neu': 0.68, 'pos': 0.146, 'compound': -0.3632}, {'neg': 0.156, 'neu': 0.844, 'pos': 0.0, 'compound': -0.7405}, {'neg': 0.0, 'neu': 0.902, 'pos': 0.098, 'compound': 0.5719}, {'neg': 0.0, 'neu': 0.728, 'pos': 0.272, 'compound': 0.9134}, {'neg': 0.073, 'neu': 0.727, 'pos': 0.2, 'compound': 0.5423}, {'neg': 0.0, 'neu': 0.806, 'pos': 0.194, 'compound': 0.7184}, {'neg': 0.0, 'neu': 0.714, 'pos': 0.286, 'compound': 0.7346}, {'neg': 0.0, 'neu': 1.0, 'pos': 0.0, 'compound': 0.0}, {'neg': 0.0, 'neu': 1.0, 'pos': 0.0, 'compound': 0.0}, {'neg': 0.073, 'neu': 0.927, 'pos': 0.0, 'compound': -0.296}, {'neg': 0.097, 'neu': 0.796, 'pos': 0.107, 'compound': -0.1531}, {'neg': 0.133, 'neu': 0.867, 'pos': 0.0, 'compound': -0.4588}, {'neg': 0.175, 'neu': 0.68, 'pos': 0.146, 'compound': -0.3632}, {'neg': 0.0, 'neu': 0.728, 'pos': 0.272, 'compound': 0.9134}, {'neg': 0.073, 'neu': 0.727, 'pos': 0.2, 'compound': 0.5423}, {'neg': 0.0, 'neu': 0.806, 'pos': 0.194, 'compound': 0.7184}, {'neg': 0.0, 'neu': 0.714, 'pos': 0.286, 'compound': 0.7346}, {'neg': 0.0, 'neu': 1.0, 'pos': 0.0, 'compound': 0.0}, {'neg': 0.0, 'neu': 1.0, 'pos': 0.0, 'compound': 0.0}, {'neg': 0.121, 'neu': 0.879, 'pos': 0.0, 'compound': -0.4404}, {'neg': 0.082, 'neu': 0.712, 'pos': 0.206, 'compound': 0.5106}]"
3,5,5,6,Spider-Man: Into the Spider-Verse,2018,7+,8.4,97%,1,0,0,0,0,"Bob Persichetti,Peter Ramsey,Rodney Rothman","Animation,Action,Adventure,Family,Sci-Fi",United States,"English,Spanish",117.0,71.1125,18.825,"[{'neg': 0.0, 'neu': 1.0, 'pos': 0.0, 'compound': 0.0}, {'neg': 0.07, 'neu': 0.755, 'pos': 0.175, 'compound': 0.9917}, {'neg': 0.019, 'neu': 0.776, 'pos': 0.205, 'compound': 0.9486}, {'neg': 0.049, 'neu': 0.578, 'pos': 0.373, 'compound': 0.9042}]",49.88291666666667,23.225,"[{'neg': 0.0, 'neu': 1.0, 'pos': 0.0, 'compound': 0.0}, {'neg': 0.0, 'neu': 0.459, 'pos': 0.541, 'compound': 0.7096}, {'neg': 0.0, 'neu': 0.921, 'pos': 0.079, 'compound': 0.0516}, {'neg': 0.0, 'neu': 0.888, 'pos': 0.112, 'compound': 0.34}, {'neg': 0.0, 'neu': 0.848, 'pos': 0.152, 'compound': 0.5256}, {'neg': 0.0, 'neu': 0.847, 'pos': 0.153, 'compound': 0.4404}, {'neg': 0.0, 'neu': 0.656, 'pos': 0.344, 'compound': 0.8555}, {'neg': 0.118, 'neu': 0.735, 'pos': 0.147, 'compound': 0.21}, {'neg': 0.085, 'neu': 0.781, 'pos': 0.134, 'compound': 0.3291}, {'neg': 0.0, 'neu': 0.554, 'pos': 0.446, 'compound': 0.9286}, {'neg': 0.0, 'neu': 0.837, 'pos': 0.163, 'compound': 0.5106}, {'neg': 0.073, 'neu': 0.603, 'pos': 0.323, 'compound': 0.7783}, {'neg': 0.0, 'neu': 1.0, 'pos': 0.0, 'compound': 0.0}, {'neg': 0.0, 'neu': 0.459, 'pos': 0.541, 'compound': 0.7096}, {'neg': 0.0, 'neu': 0.921, 'pos': 0.079, 'compound': 0.0516}, {'neg': 0.0, 'neu': 0.888, 'pos': 0.112, 'compound': 0.34}, {'neg': 0.0, 'neu': 0.656, 'pos': 0.344, 'compound': 0.8555}, {'neg': 0.118, 'neu': 0.735, 'pos': 0.147, 'compound': 0.21}, {'neg': 0.085, 'neu': 0.781, 'pos': 0.134, 'compound': 0.3291}, {'neg': 0.0, 'neu': 0.554, 'pos': 0.446, 'compound': 0.9286}, {'neg': 0.0, 'neu': 0.837, 'pos': 0.163, 'compound': 0.5106}, {'neg': 0.073, 'neu': 0.603, 'pos': 0.323, 'compound': 0.7783}, {'neg': 0.0, 'neu': 0.588, 'pos': 0.412, 'compound': 0.743}, {'neg': 0.0, 'neu': 0.721, 'pos': 0.279, 'compound': 0.8363}]"
4,7,7,8,Django Unchained,2012,18+,8.4,87%,1,0,0,0,0,Quentin Tarantino,"Drama,Western",United States,"English,German,French,Italian",165.0,1.5225000000000015,14.925,"[{'neg': 0.04, 'neu': 0.778, 'pos': 0.182, 'compound': 0.9975}, {'neg': 0.254, 'neu': 0.659, 'pos': 0.087, 'compound': -0.765}, {'neg': 0.237, 'neu': 0.65, 'pos': 0.113, 'compound': -0.9061}, {'neg': 0.156, 'neu': 0.629, 'pos': 0.215, 'compound': 0.7345}]",43.305,21.787499999999998,"[{'neg': 0.184, 'neu': 0.671, 'pos': 0.146, 'compound': -0.3182}, {'neg': 0.091, 'neu': 0.657, 'pos': 0.252, 'compound': 0.5267}, {'neg': 0.136, 'neu': 0.564, 'pos': 0.3, 'compound': 0.6705}, {'neg': 0.0, 'neu': 0.736, 'pos': 0.264, 'compound': 0.7003}, {'neg': 0.252, 'neu': 0.556, 'pos': 0.193, 'compound': -0.4215}, {'neg': 0.0, 'neu': 0.776, 'pos': 0.224, 'compound': 0.6369}, {'neg': 0.0, 'neu': 0.827, 'pos': 0.173, 'compound': 0.5859}, {'neg': 0.108, 'neu': 0.644, 'pos': 0.247, 'compound': 0.6249}, {'neg': 0.0, 'neu': 0.59, 'pos': 0.41, 'compound': 0.91}, {'neg': 0.0, 'neu': 1.0, 'pos': 0.0, 'compound': 0.0}, {'neg': 0.0, 'neu': 1.0, 'pos': 0.0, 'compound': 0.0}, {'neg': 0.085, 'neu': 0.674, 'pos': 0.241, 'compound': 0.7351}, {'neg': 0.184, 'neu': 0.671, 'pos': 0.146, 'compound': -0.3182}, {'neg': 0.091, 'neu': 0.657, 'pos': 0.252, 'compound': 0.5267}, {'neg': 0.136, 'neu': 0.564, 'pos': 0.3, 'compound': 0.6705}, {'neg': 0.0, 'neu': 0.736, 'pos': 0.264, 'compound': 0.7003}, {'neg': 0.0, 'neu': 0.827, 'pos': 0.173, 'compound': 0.5859}, {'neg': 0.108, 'neu': 0.644, 'pos': 0.247, 'compound': 0.6249}, {'neg': 0.0, 'neu': 0.59, 'pos': 0.41, 'compound': 0.91}, {'neg': 0.0, 'neu': 1.0, 'pos': 0.0, 'compound': 0.0}, {'neg': 0.0, 'neu': 1.0, 'pos': 0.0, 'compound': 0.0}, {'neg': 0.085, 'neu': 0.674, 'pos': 0.241, 'compound': 0.7351}, {'neg': 0.0, 'neu': 0.766, 'pos': 0.234, 'compound': 0.6705}, {'neg': 0.0, 'neu': 0.488, 'pos': 0.512, 'compound': 0.6369}]"
5,8,8,9,Raiders of the Lost Ark,1981,7+,8.4,95%,1,0,0,0,0,Steven Spielberg,"Action,Adventure",United States,"English,German,Hebrew,Spanish,Arabic,Nepali",115.0,77.2175,16.975,"[{'neg': 0.13, 'neu': 0.729, 'pos': 0.141, 'compound': 0.8586}, {'neg': 0.103, 'neu': 0.761, 'pos': 0.135, 'compound': 0.274}, {'neg': 0.069, 'neu': 0.771, 'pos': 0.16, 'compound': 0.9983}, {'neg': 0.048, 'neu': 0.709, 'pos': 0.243, 'compound': 0.9578}]",54.66416666666667,24.041666666666668,"[{'neg': 0.0, 'neu': 1.0, 'pos': 0.0, 'compound': 0.0}, {'neg': 0.0, 'neu': 0.625, 'pos': 0.375, 'compound': 0.7184}, {'neg': 0.0, 'neu': 0.676, 'pos': 0.324, 'compound': 0.9451}, {'neg': 0.065, 'neu': 0.536, 'pos': 0.399, 'compound': 0.9482}, {'neg': 0.0, 'neu': 0.842, 'pos': 0.158, 'compound': 0.128}, {'neg': 0.0, 'neu': 0.938, 'pos': 0.062, 'compound': 0.3182}, {'neg': 0.0, 'neu': 0.405, 'pos': 0.595, 'compound': 0.9221}, {'neg': 0.0, 'neu': 0.826, 'pos': 0.174, 'compound': 0.8316}, {'neg': 0.062, 'neu': 0.838, 'pos': 0.1, 'compound': 0.34}, {'neg': 0.0, 'neu': 0.741, 'pos': 0.259, 'compound': 0.6369}, {'neg': 0.0, 'neu': 0.626, 'pos': 0.374, 'compound': 0.4572}, {'neg': 0.0, 'neu': 1.0, 'pos': 0.0, 'compound': 0.0}, {'neg': 0.0, 'neu': 1.0, 'pos': 0.0, 'compound': 0.0}, {'neg': 0.0, 'neu': 0.625, 'pos': 0.375, 'compound': 0.7184}, {'neg': 0.0, 'neu': 0.676, 'pos': 0.324, 'compound': 0.9451}, {'neg': 0.065, 'neu': 0.536, 'pos': 0.399, 'compound': 0.9482}, {'neg': 0.0, 'neu': 0.405, 'pos': 0.595, 'compound': 0.9221}, {'neg': 0.0, 'neu': 0.826, 'pos': 0.174, 'compound': 0.8316}, {'neg': 0.062, 'neu': 0.838, 'pos': 0.1, 'compound': 0.34}, {'neg': 0.0, 'neu': 0.741, 'pos': 0.259, 'compound': 0.6369}, {'neg': 0.0, 'neu': 0.626, 'pos': 0.374, 'compound': 0.4572}, {'neg': 0.0, 'neu': 1.0, 'pos': 0.0, 'compound': 0.0}, {'neg': 0.0, 'neu': 0.745, 'pos': 0.255, 'compound': 0.836}, {'neg': 0.061, 'neu': 0.844, 'pos': 0.095, 'compound': 0.2382}]"
6,9,9,10,Inglourious Basterds,2009,18+,8.3,89%,1,0,0,0,0,Quentin Tarantino,"Adventure,Drama,War","Germany,United States","English,German,French,Italian",153.0,-35.665,7.000000000000001,"[{'neg': 0.385, 'neu': 0.615, 'pos': 0.0, 'compound': -0.8981}, {'neg': 0.083, 'neu': 0.698, 'pos': 0.22, 'compound': 0.8918}, {'neg': 0.208, 'neu': 0.792, 'pos': 0.0, 'compound': -0.642}, {'neg': 0.237, 'neu': 0.703, 'pos': 0.06, 'compound': -0.7783}]",-44.266,10.22,"[{'neg': 0.228, 'neu': 0.72, 'pos': 0.053, 'compound': -0.875}, {'neg': 0.216, 'neu': 0.595, 'pos': 0.189, 'compound': -0.128}, {'neg': 0.368, 'neu': 0.573, 'pos': 0.059, 'compound': -0.8812}, {'neg': 0.0, 'neu': 0.843, 'pos': 0.157, 'compound': 0.4215}, {'neg': 0.26, 'neu': 0.687, 'pos': 0.053, 'compound': -0.7506}, {'neg': 0.228, 'neu': 0.72, 'pos': 0.053, 'compound': -0.875}, {'neg': 0.216, 'neu': 0.595, 'pos': 0.189, 'compound': -0.128}, {'neg': 0.368, 'neu': 0.573, 'pos': 0.059, 'compound': -0.8812}, {'neg': 0.0, 'neu': 0.843, 'pos': 0.157, 'compound': 0.4215}, {'neg': 0.26, 'neu': 0.687, 'pos': 0.053, 'compound': -0.7506}]"
7,10,10,11,Taxi Driver,1976,18+,8.3,95%,1,0,0,0,0,Martin Scorsese,"Crime,Drama",United States,"English,Spanish",114.0,5.997499999999998,17.4,"[{'neg': 0.168, 'neu': 0.705, 'pos': 0.128, 'compound': -0.0516}, {'neg': 0.07, 'neu': 0.829, 'pos': 0.102, 'compound': 0.296}, {'neg': 0.167, 'neu': 0.718, 'pos': 0.115, 'compound': -0.9757}, {'neg': 0.026, 'neu': 0.623, 'pos': 0.351, 'compound': 0.9712}]",-5.684583333333334,12.216666666666667,"[{'neg': 0.159, 'neu': 0.841, 'pos': 0.0, 'compound': -0.6705}, {'neg': 0.389, 'neu': 0.512, 'pos': 0.099, 'compound': -0.8176}, {'neg': 0.066, 'neu': 0.771, 'pos': 0.162, 'compound': 0.6808}, {'neg': 0.337, 'neu': 0.663, 'pos': 0.0, 'compound': -0.765}, {'neg': 0.0, 'neu': 0.722, 'pos': 0.278, 'compound': 0.6597}, {'neg': 0.344, 'neu': 0.6, 'pos': 0.056, 'compound': -0.93}, {'neg': 0.135, 'neu': 0.786, 'pos': 0.078, 'compound': -0.3832}, {'neg': 0.0, 'neu': 1.0, 'pos': 0.0, 'compound': 0.0}, {'neg': 0.194, 'neu': 0.669, 'pos': 0.137, 'compound': -0.4019}, {'neg': 0.0, 'neu': 0.549, 'pos': 0.451, 'compound': 0.6249}, {'neg': 0.0, 'neu': 1.0, 'pos': 0.0, 'compound': 0.0}, {'neg': 0.0, 'neu': 0.727, 'pos': 0.273, 'compound': 0.836}, {'neg': 0.159, 'neu': 0.841, 'pos': 0.0, 'compound': -0.6705}, {'neg': 0.389, 'neu': 0.512, 'pos': 0.099, 'compound': -0.8176}, {'neg': 0.066, 'neu': 0.771, 'pos': 0.162, 'compound': 0.6808}, {'neg': 0.337, 'neu': 0.663, 'pos': 0.0, 'compound': -0.765}, {'neg': 0.135, 'neu': 0.786, 'pos': 0.078, 'compound': -0.3832}, {'neg': 0.0, 'neu': 1.0, 'pos': 0.0, 'compound': 0.0}, {'neg': 0.194, 'neu': 0.669, 'pos': 0.137, 'compound': -0.4019}, {'neg': 0.0, 'neu': 0.549, 'pos': 0.451, 'compound': 0.6249}, {'neg': 0.0, 'neu': 1.0, 'pos': 0.0, 'compound': 0.0}, {'neg': 0.0, 'neu': 0.727, 'pos': 0.273, 'compound': 0.836}, {'neg': 0.054, 'neu': 0.748, 'pos': 0.198, 'compound': 0.699}, {'neg': 0.0, 'neu': 1.0, 'pos': 0.0, 'compound': 0.0}]"
8,12,12,13,Pan's Labyrinth,2006,18+,8.2,95%,1,0,0,0,0,Guillermo del Toro,"Drama,Fantasy,War","Mexico,Spain",Spanish,118.0,63.8825,17.875,"[{'neg': 0.0, 'neu': 0.825, 'pos': 0.175, 'compound': 0.9001}, {'neg': 0.134, 'neu': 0.663, 'pos': 0.202, 'compound': 0.4939}, {'neg': 0.194, 'neu': 0.561, 'pos': 0.245, 'compound': 0.4939}, {'neg': 0.079, 'neu': 0.828, 'pos': 0.093, 'compound': 0.6674}]",40.757083333333334,18.379166666666666,"[{'neg': 0.0, 'neu': 1.0, 'pos': 0.0, 'compound': 0.0}, {'neg': 0.0, 'neu': 0.558, 'pos': 0.442, 'compound': 0.9224}, {'neg': 0.11, 'neu': 0.623, 'pos': 0.267, 'compound': 0.6486}, {'neg': 0.0, 'neu': 0.89, 'pos': 0.11, 'compound': 0.3291}, {'neg': 0.071, 'neu': 0.839, 'pos': 0.09, 'compound': 0.1531}, {'neg': 0.0, 'neu': 0.711, 'pos': 0.289, 'compound': 0.6908}, {'neg': 0.0, 'neu': 0.803, 'pos': 0.197, 'compound': 0.6326}, {'neg': 0.0, 'neu': 0.781, 'pos': 0.219, 'compound': 0.6369}, {'neg': 0.0, 'neu': 0.763, 'pos': 0.237, 'compound': 0.6461}, {'neg': 0.235, 'neu': 0.667, 'pos': 0.098, 'compound': -0.6486}, {'neg': 0.0, 'neu': 1.0, 'pos': 0.0, 'compound': 0.0}, {'neg': 0.0, 'neu': 0.879, 'pos': 0.121, 'compound': 0.4404}, {'neg': 0.0, 'neu': 1.0, 'pos': 0.0, 'compound': 0.0}, {'neg': 0.0, 'neu': 0.558, 'pos': 0.442, 'compound': 0.9224}, {'neg': 0.11, 'neu': 0.623, 'pos': 0.267, 'compound': 0.6486}, {'neg': 0.0, 'neu': 0.89, 'pos': 0.11, 'compound': 0.3291}, {'neg': 0.0, 'neu': 0.803, 'pos': 0.197, 'compound': 0.6326}, {'neg': 0.0, 'neu': 0.781, 'pos': 0.219, 'compound': 0.6369}, {'neg': 0.0, 'neu': 0.763, 'pos': 0.237, 'compound': 0.6461}, {'neg': 0.235, 'neu': 0.667, 'pos': 0.098, 'compound': -0.6486}, {'neg': 0.0, 'neu': 1.0, 'pos': 0.0, 'compound': 0.0}, {'neg': 0.0, 'neu': 0.879, 'pos': 0.121, 'compound': 0.4404}, {'neg': 0.036, 'neu': 0.75, 'pos': 0.214, 'compound': 0.811}, {'neg': 0.0, 'neu': 0.564, 'pos': 0.436, 'compound': 0.9118}]"
9,13,13,14,Room,2015,18+,8.1,93%,1,0,0,0,0,Lenny Abrahamson,"Drama,Thriller","Ireland,Canada,United Kingdom,United States",English,118.0,87.43,26.975,"[{'neg': 0.077, 'neu': 0.696, 'pos': 0.227, 'compound': 0.9052}, {'neg': 0.0, 'neu': 0.523, 'pos': 0.477, 'compound': 0.807}, {'neg': 0.092, 'neu': 0.678, 'pos': 0.23, 'compound': 0.9371}, {'neg': 0.0, 'neu': 0.855, 'pos': 0.145, 'compound': 0.8479}]",-1.1862500000000002,10.104166666666666,"[{'neg': 0.348, 'neu': 0.549, 'pos': 0.103, 'compound': -0.7717}, {'neg': 0.0, 'neu': 1.0, 'pos': 0.0, 'compound': 0.0}, {'neg': 0.0, 'neu': 1.0, 'pos': 0.0, 'compound': 0.0}, {'neg': 0.0, 'neu': 0.713, 'pos': 0.287, 'compound': 0.8343}, {'neg': 0.0, 'neu': 0.893, 'pos': 0.107, 'compound': 0.4767}, {'neg': 0.0, 'neu': 0.926, 'pos': 0.074, 'compound': 0.1326}, {'neg': 0.0, 'neu': 1.0, 'pos': 0.0, 'compound': 0.0}, {'neg': 0.191, 'neu': 0.809, 'pos': 0.0, 'compound': -0.6369}, {'neg': 0.229, 'neu': 0.556, 'pos': 0.215, 'compound': -0.1531}, {'neg': 0.0, 'neu': 1.0, 'pos': 0.0, 'compound': 0.0}, {'neg': 0.077, 'neu': 0.81, 'pos': 0.113, 'compound': 0.0}, {'neg': 0.305, 'neu': 0.366, 'pos': 0.329, 'compound': 0.0516}, {'neg': 0.348, 'neu': 0.549, 'pos': 0.103, 'compound': -0.7717}, {'neg': 0.0, 'neu': 1.0, 'pos': 0.0, 'compound': 0.0}, {'neg': 0.0, 'neu': 1.0, 'pos': 0.0, 'compound': 0.0}, {'neg': 0.0, 'neu': 0.713, 'pos': 0.287, 'compound': 0.8343}, {'neg': 0.0, 'neu': 1.0, 'pos': 0.0, 'compound': 0.0}, {'neg': 0.191, 'neu': 0.809, 'pos': 0.0, 'compound': -0.6369}, {'neg': 0.229, 'neu': 0.556, 'pos': 0.215, 'compound': -0.1531}, {'neg': 0.0, 'neu': 1.0, 'pos': 0.0, 'compound': 0.0}, {'neg': 0.077, 'neu': 0.81, 'pos': 0.113, 'compound': 0.0}, {'neg': 0.305, 'neu': 0.366, 'pos': 0.329, 'compound': 0.0516}, {'neg': 0.0, 'neu': 0.85, 'pos': 0.15, 'compound': 0.4576}, {'neg': 0.0, 'neu': 1.0, 'pos': 0.0, 'compound': 0.0}]"
10,14,14,15,Monty Python and the Holy Grail,1975,7+,8.2,97%,1,0,0,0,0,"Terry Gilliam,Terry Jones","Adventure,Comedy,Fantasy",United Kingdom,"English,French,Latin",91.0,64.305,16.925,"[{'neg': 0.0, 'neu': 0.786, 'pos': 0.214, 'compound': 0.8996}, {'neg': 0.019, 'neu': 0.939, 'pos': 0.041, 'compound': 0.2307}, {'neg': 0.087, 'neu': 0.716, 'pos': 0.197, 'compound': 0.4848}, {'neg': 0.022, 'neu': 0.753, 'pos': 0.225, 'compound': 0.9571}]",57.53666666666667,25.479166666666668,"[{'neg': 0.0, 'neu': 0.728, 'pos': 0.272, 'compound': 0.6249}, {'neg': 0.0, 'neu': 0.622, 'pos': 0.378, 'compound': 0.836}, {'neg': 0.092, 'neu': 0.58, 'pos': 0.328, 'compound': 0.7076}, {'neg': 0.035, 'neu': 0.723, 'pos': 0.243, 'compound': 0.8635}, {'neg': 0.367, 'neu': 0.594, 'pos': 0.039, 'compound': -0.9618}, {'neg': 0.0, 'neu': 0.785, 'pos': 0.215, 'compound': 0.8516}, {'neg': 0.14, 'neu': 0.524, 'pos': 0.336, 'compound': 0.8491}, {'neg': 0.0, 'neu': 0.686, 'pos': 0.314, 'compound': 0.6705}, {'neg': 0.0, 'neu': 0.688, 'pos': 0.312, 'compound': 0.8047}, {'neg': 0.0, 'neu': 0.725, 'pos': 0.275, 'compound': 0.9052}, {'neg': 0.0, 'neu': 0.795, 'pos': 0.205, 'compound': 0.7351}, {'neg': 0.125, 'neu': 0.66, 'pos': 0.215, 'compound': 0.3818}, {'neg': 0.0, 'neu': 0.728, 'pos': 0.272, 'compound': 0.6249}, {'neg': 0.0, 'neu': 0.622, 'pos': 0.378, 'compound': 0.836}, {'neg': 0.092, 'neu': 0.58, 'pos': 0.328, 'compound': 0.7076}, {'neg': 0.035, 'neu': 0.723, 'pos': 0.243, 'compound': 0.8635}, {'neg': 0.14, 'neu': 0.524, 'pos': 0.336, 'compound': 0.8491}, {'neg': 0.0, 'neu': 0.686, 'pos': 0.314, 'compound': 0.6705}, {'neg': 0.0, 'neu': 0.688, 'pos': 0.312, 'compound': 0.8047}, {'neg': 0.0, 'neu': 0.725, 'pos': 0.275, 'compound': 0.9052}, {'neg': 0.0, 'neu': 0.795, 'pos': 0.205, 'compound': 0.7351}, {'neg': 0.125, 'neu': 0.66, 'pos': 0.215, 'compound': 0.3818}, {'neg': 0.267, 'neu': 0.628, 'pos': 0.105, 'compound': -0.7351}, {'neg': 0.033, 'neu': 0.967, 'pos': 0.0, 'compound': -0.1027}]"
11,16,16,17,Indiana Jones and the Last Crusade,1989,13+,8.2,88%,1,0,0,0,0,Steven Spielberg,"Action,Adventure",United States,"English,German,Greek,Arabic",127.0,75.95,20.55,"[{'neg': 0.147, 'neu': 0.679, 'pos': 0.174, 'compound': 0.2263}, {'neg': 0.025, 'neu': 0.734, 'pos': 0.242, 'compound': 0.9789}, {'neg': 0.06, 'neu': 0.707, 'pos': 0.234, 'compound': 0.8353}, {'neg': 0.058, 'neu': 0.77, 'pos': 0.172, 'compound': 0.9975}]",34.79833333333333,11.683333333333334,"[{'neg': 0.0, 'neu': 1.0, 'pos': 0.0, 'compound': 0.0}, {'neg': 0.0, 'neu': 0.8, 'pos': 0.2, 'compound': 0.6115}, {'neg': 0.038, 'neu': 0.808, 'pos': 0.154, 'compound': 0.6658}, {'neg': 0.0, 'neu': 0.878, 'pos': 0.122, 'compound': 0.5574}, {'neg': 0.088, 'neu': 0.817, 'pos': 0.095, 'compound': 0.0516}, {'neg': 0.134, 'neu': 0.71, 'pos': 0.156, 'compound': -0.0935}, {'neg': 0.0, 'neu': 1.0, 'pos': 0.0, 'compound': 0.0}, {'neg': 0.0, 'neu': 0.741, 'pos': 0.259, 'compound': 0.6369}, {'neg': 0.061, 'neu': 0.939, 'pos': 0.0, 'compound': -0.2263}, {'neg': 0.0, 'neu': 0.851, 'pos': 0.149, 'compound': 0.6369}, {'neg': 0.0, 'neu': 0.891, 'pos': 0.109, 'compound': 0.4019}, {'neg': 0.0, 'neu': 0.913, 'pos': 0.087, 'compound': 0.25}, {'neg': 0.0, 'neu': 1.0, 'pos': 0.0, 'compound': 0.0}, {'neg': 0.0, 'neu': 0.8, 'pos': 0.2, 'compound': 0.6115}, {'neg': 0.038, 'neu': 0.808, 'pos': 0.154, 'compound': 0.6658}, {'neg': 0.0, 'neu': 0.878, 'pos': 0.122, 'compound': 0.5574}, {'neg': 0.0, 'neu': 1.0, 'pos': 0.0, 'compound': 0.0}, {'neg': 0.0, 'neu': 0.741, 'pos': 0.259, 'compound': 0.6369}, {'neg': 0.061, 'neu': 0.939, 'pos': 0.0, 'compound': -0.2263}, {'neg': 0.0, 'neu': 0.851, 'pos': 0.149, 'compound': 0.6369}, {'neg': 0.0, 'neu': 0.891, 'pos': 0.109, 'compound': 0.4019}, {'neg': 0.0, 'neu': 0.913, 'pos': 0.087, 'compound': 0.25}, {'neg': 0.056, 'neu': 0.743, 'pos': 0.202, 'compound': 0.783}, {'neg': 0.0, 'neu': 0.809, 'pos': 0.191, 'compound': 0.5423}]"
12,17,17,18,Groundhog Day,1993,7+,8.0,96%,1,0,0,0,0,Harold Ramis,"Comedy,Fantasy,Romance",United States,"English,French,Italian",101.0,80.0475,20.925,"[{'neg': 0.053, 'neu': 0.62, 'pos': 0.327, 'compound': 0.9423}, {'neg': 0.036, 'neu': 0.767, 'pos': 0.197, 'compound': 0.9651}, {'neg': 0.0, 'neu': 0.803, 'pos': 0.197, 'compound': 0.7086}, {'neg': 0.0, 'neu': 0.884, 'pos': 0.116, 'compound': 0.5859}]",46.220416666666665,23.974999999999998,"[{'neg': 0.0, 'neu': 0.508, 'pos': 0.492, 'compound': 0.7777}, {'neg': 0.05, 'neu': 0.631, 'pos': 0.319, 'compound': 0.8697}, {'neg': 0.061, 'neu': 0.653, 'pos': 0.286, 'compound': 0.8497}, {'neg': 0.091, 'neu': 0.909, 'pos': 0.0, 'compound': -0.296}, {'neg': 0.063, 'neu': 0.647, 'pos': 0.29, 'compound': 0.8608}, {'neg': 0.152, 'neu': 0.504, 'pos': 0.344, 'compound': 0.7824}, {'neg': 0.0, 'neu': 0.602, 'pos': 0.398, 'compound': 0.891}, {'neg': 0.0, 'neu': 0.701, 'pos': 0.299, 'compound': 0.926}, {'neg': 0.0, 'neu': 0.803, 'pos': 0.197, 'compound': 0.4019}, {'neg': 0.074, 'neu': 0.85, 'pos': 0.076, 'compound': 0.0252}, {'neg': 0.0, 'neu': 0.507, 'pos': 0.493, 'compound': 0.8658}, {'neg': 0.076, 'neu': 0.924, 'pos': 0.0, 'compound': -0.5106}, {'neg': 0.0, 'neu': 0.508, 'pos': 0.492, 'compound': 0.7777}, {'neg': 0.05, 'neu': 0.631, 'pos': 0.319, 'compound': 0.8697}, {'neg': 0.061, 'neu': 0.653, 'pos': 0.286, 'compound': 0.8497}, {'neg': 0.091, 'neu': 0.909, 'pos': 0.0, 'compound': -0.296}, {'neg': 0.0, 'neu': 0.602, 'pos': 0.398, 'compound': 0.891}, {'neg': 0.0, 'neu': 0.701, 'pos': 0.299, 'compound': 0.926}, {'neg': 0.0, 'neu': 0.803, 'pos': 0.197, 'compound': 0.4019}, {'neg': 0.074, 'neu': 0.85, 'pos': 0.076, 'compound': 0.0252}, {'neg': 0.0, 'neu': 0.507, 'pos': 0.493, 'compound': 0.8658}, {'neg': 0.076, 'neu': 0.924, 'pos': 0.0, 'compound': -0.5106}, {'neg': 0.067, 'neu': 0.933, 'pos': 0.0, 'compound': -0.1511}, {'neg': 0.0, 'neu': 1.0, 'pos': 0.0, 'compound': 0.0}]"
13,18,18,19,The King's Speech,2010,18+,8.0,95%,1,0,0,0,0,Tom Hooper,"Biography,Drama,History","United Kingdom,United States,Australia",English,118.0,78.6775,18.525,"[{'neg': 0.0, 'neu': 0.73, 'pos': 0.27, 'compound': 0.8934}, {'neg': 0.032, 'neu': 0.778, 'pos': 0.189, 'compound': 0.9904}, {'neg': 0.078, 'neu': 0.77, 'pos': 0.152, 'compound': 0.9451}, {'neg': 0.079, 'neu': 0.791, 'pos': 0.13, 'compound': 0.3182}]",39.649166666666666,25.53333333333333,"[{'neg': 0.08, 'neu': 0.57, 'pos': 0.35, 'compound': 0.8556}, {'neg': 0.0, 'neu': 0.847, 'pos': 0.153, 'compound': 0.4019}, {'neg': 0.0, 'neu': 0.519, 'pos': 0.481, 'compound': 0.8126}, {'neg': 0.061, 'neu': 0.798, 'pos': 0.141, 'compound': 0.5859}, {'neg': 0.0, 'neu': 0.785, 'pos': 0.215, 'compound': 0.6249}, {'neg': 0.0, 'neu': 0.836, 'pos': 0.164, 'compound': 0.2411}, {'neg': 0.0, 'neu': 0.5, 'pos': 0.5, 'compound': 0.6124}, {'neg': 0.095, 'neu': 0.905, 'pos': 0.0, 'compound': -0.3182}, {'neg': 0.0, 'neu': 0.649, 'pos': 0.351, 'compound': 0.4019}, {'neg': 0.475, 'neu': 0.525, 'pos': 0.0, 'compound': -0.8765}, {'neg': 0.056, 'neu': 0.794, 'pos': 0.15, 'compound': 0.4588}, {'neg': 0.0, 'neu': 0.738, 'pos': 0.262, 'compound': 0.6187}, {'neg': 0.08, 'neu': 0.57, 'pos': 0.35, 'compound': 0.8556}, {'neg': 0.0, 'neu': 0.847, 'pos': 0.153, 'compound': 0.4019}, {'neg': 0.0, 'neu': 0.519, 'pos': 0.481, 'compound': 0.8126}, {'neg': 0.061, 'neu': 0.798, 'pos': 0.141, 'compound': 0.5859}, {'neg': 0.0, 'neu': 0.5, 'pos': 0.5, 'compound': 0.6124}, {'neg': 0.095, 'neu': 0.905, 'pos': 0.0, 'compound': -0.3182}, {'neg': 0.0, 'neu': 0.649, 'pos': 0.351, 'compound': 0.4019}, {'neg': 0.475, 'neu': 0.525, 'pos': 0.0, 'compound': -0.8765}, {'neg': 0.056, 'neu': 0.794, 'pos': 0.15, 'compound': 0.4588}, {'neg': 0.0, 'neu': 0.738, 'pos': 0.262, 'compound': 0.6187}, {'neg': 0.0, 'neu': 0.562, 'pos': 0.438, 'compound': 0.5994}, {'neg': 0.0, 'neu': 0.465, 'pos': 0.535, 'compound': 0.9442}]"
14,19,19,20,Her,2013,18+,8.0,95%,1,0,0,0,0,Spike Jonze,"Drama,Romance,Sci-Fi",United States,English,126.0,92.3275,20.95,"[{'neg': 0.07, 'neu': 0.797, 'pos': 0.133, 'compound': 0.9006}, {'neg': 0.11, 'neu': 0.633, 'pos': 0.258, 'compound': 0.8052}, {'neg': 0.032, 'neu': 0.731, 'pos': 0.237, 'compound': 0.9895}, {'neg': 0.086, 'neu': 0.703, 'pos': 0.21, 'compound': 0.9978}]",31.227083333333333,12.370833333333334,"[{'neg': 0.0, 'neu': 0.609, 'pos': 0.391, 'compound': 0.9041}, {'neg': 0.153, 'neu': 0.653, 'pos': 0.194, 'compound': 0.6428}, {'neg': 0.0, 'neu': 1.0, 'pos': 0.0, 'compound': 0.0}, {'neg': 0.104, 'neu': 0.896, 'pos': 0.0, 'compound': -0.4215}, {'neg': 0.143, 'neu': 0.74, 'pos': 0.117, 'compound': -0.1335}, {'neg': 0.125, 'neu': 0.691, 'pos': 0.184, 'compound': 0.5106}, {'neg': 0.0, 'neu': 0.787, 'pos': 0.213, 'compound': 0.8834}, {'neg': 0.0, 'neu': 1.0, 'pos': 0.0, 'compound': 0.0}, {'neg': 0.0, 'neu': 1.0, 'pos': 0.0, 'compound': 0.0}, {'neg': 0.0, 'neu': 1.0, 'pos': 0.0, 'compound': 0.0}, {'neg': 0.0, 'neu': 0.679, 'pos': 0.321, 'compound': 0.886}, {'neg': 0.0, 'neu': 0.856, 'pos': 0.144, 'compound': 0.4939}, {'neg': 0.0, 'neu': 0.609, 'pos': 0.391, 'compound': 0.9041}, {'neg': 0.153, 'neu': 0.653, 'pos': 0.194, 'compound': 0.6428}, {'neg': 0.0, 'neu': 1.0, 'pos': 0.0, 'compound': 0.0}, {'neg': 0.104, 'neu': 0.896, 'pos': 0.0, 'compound': -0.4215}, {'neg': 0.0, 'neu': 0.787, 'pos': 0.213, 'compound': 0.8834}, {'neg': 0.0, 'neu': 1.0, 'pos': 0.0, 'compound': 0.0}, {'neg': 0.0, 'neu': 1.0, 'pos': 0.0, 'compound': 0.0}, {'neg': 0.0, 'neu': 1.0, 'pos': 0.0, 'compound': 0.0}, {'neg': 0.0, 'neu': 0.679, 'pos': 0.321, 'compound': 0.886}, {'neg': 0.0, 'neu': 0.856, 'pos': 0.144, 'compound': 0.4939}, {'neg': 0.106, 'neu': 0.751, 'pos': 0.142, 'compound': 0.34}, {'neg': 0.0, 'neu': 1.0, 'pos': 0.0, 'compound': 0.0}]"
15,20,20,21,There Will Be Blood,2007,18+,8.2,91%,1,0,0,0,0,Paul Thomas Anderson,Drama,United States,"English,American Sign Language",158.0,60.0325,18.425,"[{'neg': 0.069, 'neu': 0.794, 'pos': 0.137, 'compound': 0.9699}, {'neg': 0.036, 'neu': 0.888, 'pos': 0.076, 'compound': 0.623}, {'neg': 0.0, 'neu': 0.52, 'pos': 0.48, 'compound': 0.8519}, {'neg': 0.06, 'neu': 0.896, 'pos': 0.044, 'compound': -0.0435}]",8.792083333333332,7.075000000000001,"[{'neg': 0.133, 'neu': 0.867, 'pos': 0.0, 'compound': -0.5994}, {'neg': 0.109, 'neu': 0.844, 'pos': 0.048, 'compound': -0.3071}, {'neg': 0.0, 'neu': 1.0, 'pos': 0.0, 'compound': 0.0}, {'neg': 0.0, 'neu': 1.0, 'pos': 0.0, 'compound': 0.0}, {'neg': 0.0, 'neu': 1.0, 'pos': 0.0, 'compound': 0.0}, {'neg': 0.0, 'neu': 1.0, 'pos': 0.0, 'compound': 0.0}, {'neg': 0.064, 'neu': 0.738, 'pos': 0.198, 'compound': 0.765}, {'neg': 0.042, 'neu': 0.758, 'pos': 0.2, 'compound': 0.827}, {'neg': 0.264, 'neu': 0.687, 'pos': 0.049, 'compound': -0.8316}, {'neg': 0.0, 'neu': 0.861, 'pos': 0.139, 'compound': 0.5719}, {'neg': 0.0, 'neu': 0.891, 'pos': 0.109, 'compound': 0.4215}, {'neg': 0.0, 'neu': 1.0, 'pos': 0.0, 'compound': 0.0}, {'neg': 0.133, 'neu': 0.867, 'pos': 0.0, 'compound': -0.5994}, {'neg': 0.109, 'neu': 0.844, 'pos': 0.048, 'compound': -0.3071}, {'neg': 0.0, 'neu': 1.0, 'pos': 0.0, 'compound': 0.0}, {'neg': 0.0, 'neu': 1.0, 'pos': 0.0, 'compound': 0.0}, {'neg': 0.064, 'neu': 0.738, 'pos': 0.198, 'compound': 0.765}, {'neg': 0.042, 'neu': 0.758, 'pos': 0.2, 'compound': 0.827}, {'neg': 0.264, 'neu': 0.687, 'pos': 0.049, 'compound': -0.8316}, {'neg': 0.0, 'neu': 0.861, 'pos': 0.139, 'compound': 0.5719}, {'neg': 0.0, 'neu': 0.891, 'pos': 0.109, 'compound': 0.4215}, {'neg': 0.0, 'neu': 1.0, 'pos': 0.0, 'compound': 0.0}, {'neg': 0.111, 'neu': 0.889, 'pos': 0.0, 'compound': -0.0951}, {'neg': 0.0, 'neu': 0.788, 'pos': 0.212, 'compound': 0.5106}]"
16,21,21,22,The Social Network,2010,13+,7.7,96%,1,0,0,0,0,David Fincher,"Biography,Drama",United States,"English,French",120.0,52.4825,20.0,"[{'neg': 0.13, 'neu': 0.754, 'pos': 0.116, 'compound': -0.4136}, {'neg': 0.0, 'neu': 0.769, 'pos': 0.231, 'compound': 0.6369}, {'neg': 0.0, 'neu': 0.653, 'pos': 0.347, 'compound': 0.9156}, {'neg': 0.064, 'neu': 0.83, 'pos': 0.106, 'compound': 0.9604}]",58.12875,24.3875,"[{'neg': 0.091, 'neu': 0.644, 'pos': 0.265, 'compound': 0.6808}, {'neg': 0.0, 'neu': 0.857, 'pos': 0.143, 'compound': 0.3612}, {'neg': 0.0, 'neu': 0.798, 'pos': 0.202, 'compound': 0.5106}, {'neg': 0.0, 'neu': 0.528, 'pos': 0.472, 'compound': 0.891}, {'neg': 0.0, 'neu': 0.86, 'pos': 0.14, 'compound': 0.5267}, {'neg': 0.0, 'neu': 0.633, 'pos': 0.367, 'compound': 0.8271}, {'neg': 0.0, 'neu': 0.811, 'pos': 0.189, 'compound': 0.6369}, {'neg': 0.0, 'neu': 0.546, 'pos': 0.454, 'compound': 0.8074}, {'neg': 0.0, 'neu': 0.805, 'pos': 0.195, 'compound': 0.4404}, {'neg': 0.0, 'neu': 0.759, 'pos': 0.241, 'compound': 0.743}, {'neg': 0.0, 'neu': 0.665, 'pos': 0.335, 'compound': 0.9442}, {'neg': 0.105, 'neu': 0.791, 'pos': 0.104, 'compound': -0.0094}, {'neg': 0.091, 'neu': 0.644, 'pos': 0.265, 'compound': 0.6808}, {'neg': 0.0, 'neu': 0.857, 'pos': 0.143, 'compound': 0.3612}, {'neg': 0.0, 'neu': 0.798, 'pos': 0.202, 'compound': 0.5106}, {'neg': 0.0, 'neu': 0.528, 'pos': 0.472, 'compound': 0.891}, {'neg': 0.0, 'neu': 0.811, 'pos': 0.189, 'compound': 0.6369}, {'neg': 0.0, 'neu': 0.546, 'pos': 0.454, 'compound': 0.8074}, {'neg': 0.0, 'neu': 0.805, 'pos': 0.195, 'compound': 0.4404}, {'neg': 0.0, 'neu': 0.759, 'pos': 0.241, 'compound': 0.743}, {'neg': 0.0, 'neu': 0.665, 'pos': 0.335, 'compound': 0.9442}, {'neg': 0.105, 'neu': 0.791, 'pos': 0.104, 'compound': -0.0094}, {'neg': 0.0, 'neu': 0.854, 'pos': 0.146, 'compound': 0.5849}, {'neg': 0.0, 'neu': 1.0, 'pos': 0.0, 'compound': 0.0}]"
17,22,22,23,Dallas Buyers Club,2013,18+,8.0,93%,1,0,0,0,0,Jean-Marc Vall√©e,"Biography,Drama",United States,"English,Japanese",117.0,61.74,20.05,"[{'neg': 0.12, 'neu': 0.718, 'pos': 0.161, 'compound': 0.2732}, {'neg': 0.0, 'neu': 0.896, 'pos': 0.104, 'compound': 0.2732}, {'neg': 0.06, 'neu': 0.665, 'pos': 0.275, 'compound': 0.9413}, {'neg': 0.0, 'neu': 0.738, 'pos': 0.262, 'compound': 0.9819}]",29.705416666666668,18.925,"[{'neg': 0.094, 'neu': 0.906, 'pos': 0.0, 'compound': -0.4215}, {'neg': 0.0, 'neu': 1.0, 'pos': 0.0, 'compound': 0.0}, {'neg': 0.057, 'neu': 0.879, 'pos': 0.064, 'compound': 0.0534}, {'neg': 0.119, 'neu': 0.785, 'pos': 0.096, 'compound': -0.25}, {'neg': 0.0, 'neu': 1.0, 'pos': 0.0, 'compound': 0.0}, {'neg': 0.0, 'neu': 0.664, 'pos': 0.336, 'compound': 0.7644}, {'neg': 0.0, 'neu': 0.857, 'pos': 0.143, 'compound': 0.3612}, {'neg': 0.0, 'neu': 0.593, 'pos': 0.407, 'compound': 0.6705}, {'neg': 0.0, 'neu': 0.691, 'pos': 0.309, 'compound': 0.7717}, {'neg': 0.0, 'neu': 0.795, 'pos': 0.205, 'compound': 0.5994}, {'neg': 0.0, 'neu': 0.488, 'pos': 0.512, 'compound': 0.8591}, {'neg': 0.0, 'neu': 0.805, 'pos': 0.195, 'compound': 0.4404}, {'neg': 0.094, 'neu': 0.906, 'pos': 0.0, 'compound': -0.4215}, {'neg': 0.0, 'neu': 1.0, 'pos': 0.0, 'compound': 0.0}, {'neg': 0.057, 'neu': 0.879, 'pos': 0.064, 'compound': 0.0534}, {'neg': 0.119, 'neu': 0.785, 'pos': 0.096, 'compound': -0.25}, {'neg': 0.0, 'neu': 0.857, 'pos': 0.143, 'compound': 0.3612}, {'neg': 0.0, 'neu': 0.593, 'pos': 0.407, 'compound': 0.6705}, {'neg': 0.0, 'neu': 0.691, 'pos': 0.309, 'compound': 0.7717}, {'neg': 0.0, 'neu': 0.795, 'pos': 0.205, 'compound': 0.5994}, {'neg': 0.0, 'neu': 0.488, 'pos': 0.512, 'compound': 0.8591}, {'neg': 0.0, 'neu': 0.805, 'pos': 0.195, 'compound': 0.4404}, {'neg': 0.0, 'neu': 0.656, 'pos': 0.344, 'compound': 0.6369}, {'neg': 0.068, 'neu': 0.932, 'pos': 0.0, 'compound': -0.4404}]"
18,23,23,24,The Perks of Being a Wallflower,2012,13+,8.0,86%,1,0,0,0,0,Stephen Chbosky,"Drama,Romance",United States,English,103.0,40.0225,20.725,"[{'neg': 0.019, 'neu': 0.682, 'pos': 0.299, 'compound': 0.9305}, {'neg': 0.08, 'neu': 0.83, 'pos': 0.09, 'compound': 0.1779}, {'neg': 0.101, 'neu': 0.586, 'pos': 0.312, 'compound': 0.9927}, {'neg': 0.129, 'neu': 0.743, 'pos': 0.128, 'compound': -0.5002}]",48.67458333333333,21.129166666666666,"[{'neg': 0.053, 'neu': 0.739, 'pos': 0.207, 'compound': 0.7703}, {'neg': 0.109, 'neu': 0.53, 'pos': 0.361, 'compound': 0.7655}, {'neg': 0.0, 'neu': 0.819, 'pos': 0.181, 'compound': 0.7506}, {'neg': 0.106, 'neu': 0.753, 'pos': 0.14, 'compound': 0.0}, {'neg': 0.0, 'neu': 0.868, 'pos': 0.132, 'compound': 0.5719}, {'neg': 0.0, 'neu': 0.882, 'pos': 0.118, 'compound': 0.4939}, {'neg': 0.07, 'neu': 0.793, 'pos': 0.138, 'compound': 0.3887}, {'neg': 0.237, 'neu': 0.519, 'pos': 0.244, 'compound': 0.0258}, {'neg': 0.092, 'neu': 0.583, 'pos': 0.325, 'compound': 0.8126}, {'neg': 0.0, 'neu': 0.544, 'pos': 0.456, 'compound': 0.9246}, {'neg': 0.0, 'neu': 0.82, 'pos': 0.18, 'compound': 0.5574}, {'neg': 0.0, 'neu': 1.0, 'pos': 0.0, 'compound': 0.0}, {'neg': 0.053, 'neu': 0.739, 'pos': 0.207, 'compound': 0.7703}, {'neg': 0.109, 'neu': 0.53, 'pos': 0.361, 'compound': 0.7655}, {'neg': 0.0, 'neu': 0.819, 'pos': 0.181, 'compound': 0.7506}, {'neg': 0.106, 'neu': 0.753, 'pos': 0.14, 'compound': 0.0}, {'neg': 0.07, 'neu': 0.793, 'pos': 0.138, 'compound': 0.3887}, {'neg': 0.237, 'neu': 0.519, 'pos': 0.244, 'compound': 0.0258}, {'neg': 0.092, 'neu': 0.583, 'pos': 0.325, 'compound': 0.8126}, {'neg': 0.0, 'neu': 0.544, 'pos': 0.456, 'compound': 0.9246}, {'neg': 0.0, 'neu': 0.82, 'pos': 0.18, 'compound': 0.5574}, {'neg': 0.0, 'neu': 1.0, 'pos': 0.0, 'compound': 0.0}, {'neg': 0.0, 'neu': 0.907, 'pos': 0.093, 'compound': 0.3291}, {'neg': 0.216, 'neu': 0.52, 'pos': 0.264, 'compound': 0.296}]"
19,25,25,26,Ex Machina,2015,18+,7.7,92%,1,0,0,0,0,Alex Garland,"Drama,Mystery,Sci-Fi,Thriller","United Kingdom,United States",English,108.0,89.035,13.525,"[{'neg': 0.018, 'neu': 0.884, 'pos': 0.098, 'compound': 0.801}, {'neg': 0.05, 'neu': 0.86, 'pos': 0.09, 'compound': 0.8124}, {'neg': 0.034, 'neu': 0.789, 'pos': 0.178, 'compound': 0.9552}, {'neg': 0.088, 'neu': 0.737, 'pos': 0.175, 'compound': 0.9928}]",8.383333333333335,15.266666666666667,"[{'neg': 0.0, 'neu': 0.753, 'pos': 0.247, 'compound': 0.802}, {'neg': 0.0, 'neu': 0.714, 'pos': 0.286, 'compound': 0.8126}, {'neg': 0.111, 'neu': 0.814, 'pos': 0.075, 'compound': -0.3919}, {'neg': 0.255, 'neu': 0.745, 'pos': 0.0, 'compound': -0.5859}, {'neg': 0.085, 'neu': 0.669, 'pos': 0.246, 'compound': 0.6808}, {'neg': 0.0, 'neu': 1.0, 'pos': 0.0, 'compound': 0.0}, {'neg': 0.0, 'neu': 0.807, 'pos': 0.193, 'compound': 0.4767}, {'neg': 0.228, 'neu': 0.654, 'pos': 0.118, 'compound': -0.6369}, {'neg': 0.108, 'neu': 0.821, 'pos': 0.072, 'compound': -0.1779}, {'neg': 0.0, 'neu': 0.919, 'pos': 0.081, 'compound': 0.128}, {'neg': 0.073, 'neu': 0.883, 'pos': 0.044, 'compound': -0.2263}, {'neg': 0.0, 'neu': 0.714, 'pos': 0.286, 'compound': 0.34}, {'neg': 0.0, 'neu': 0.753, 'pos': 0.247, 'compound': 0.802}, {'neg': 0.0, 'neu': 0.714, 'pos': 0.286, 'compound': 0.8126}, {'neg': 0.111, 'neu': 0.814, 'pos': 0.075, 'compound': -0.3919}, {'neg': 0.255, 'neu': 0.745, 'pos': 0.0, 'compound': -0.5859}, {'neg': 0.0, 'neu': 0.807, 'pos': 0.193, 'compound': 0.4767}, {'neg': 0.228, 'neu': 0.654, 'pos': 0.118, 'compound': -0.6369}, {'neg': 0.108, 'neu': 0.821, 'pos': 0.072, 'compound': -0.1779}, {'neg': 0.0, 'neu': 0.919, 'pos': 0.081, 'compound': 0.128}, {'neg': 0.073, 'neu': 0.883, 'pos': 0.044, 'compound': -0.2263}, {'neg': 0.0, 'neu': 0.714, 'pos': 0.286, 'compound': 0.34}, {'neg': 0.0, 'neu': 0.492, 'pos': 0.508, 'compound': 0.4767}, {'neg': 0.135, 'neu': 0.759, 'pos': 0.106, 'compound': -0.2263}]"
20,26,26,27,Silver Linings Playbook,2012,18+,7.7,92%,1,0,0,0,0,David O. Russell,"Comedy,Drama,Romance",United States,English,122.0,46.30499999999999,18.4,"[{'neg': 0.045, 'neu': 0.807, 'pos': 0.148, 'compound': 0.9878}, {'neg': 0.074, 'neu': 0.582, 'pos': 0.343, 'compound': 0.975}, {'neg': 0.103, 'neu': 0.727, 'pos': 0.17, 'compound': 0.691}, {'neg': 0.194, 'neu': 0.731, 'pos': 0.075, 'compound': -0.8016}]",15.657083333333333,18.587500000000002,"[{'neg': 0.106, 'neu': 0.733, 'pos': 0.161, 'compound': 0.128}, {'neg': 0.0, 'neu': 0.715, 'pos': 0.285, 'compound': 0.7178}, {'neg': 0.127, 'neu': 0.873, 'pos': 0.0, 'compound': -0.3235}, {'neg': 0.133, 'neu': 0.758, 'pos': 0.109, 'compound': -0.128}, {'neg': 0.0, 'neu': 0.773, 'pos': 0.227, 'compound': 0.5719}, {'neg': 0.128, 'neu': 0.806, 'pos': 0.066, 'compound': -0.4588}, {'neg': 0.0, 'neu': 0.822, 'pos': 0.178, 'compound': 0.5984}, {'neg': 0.0, 'neu': 0.659, 'pos': 0.341, 'compound': 0.6908}, {'neg': 0.0, 'neu': 0.465, 'pos': 0.535, 'compound': 0.8481}, {'neg': 0.055, 'neu': 0.856, 'pos': 0.088, 'compound': 0.1655}, {'neg': 0.452, 'neu': 0.46, 'pos': 0.088, 'compound': -0.9246}, {'neg': 0.239, 'neu': 0.618, 'pos': 0.142, 'compound': -0.3818}, {'neg': 0.106, 'neu': 0.733, 'pos': 0.161, 'compound': 0.128}, {'neg': 0.0, 'neu': 0.715, 'pos': 0.285, 'compound': 0.7178}, {'neg': 0.127, 'neu': 0.873, 'pos': 0.0, 'compound': -0.3235}, {'neg': 0.133, 'neu': 0.758, 'pos': 0.109, 'compound': -0.128}, {'neg': 0.0, 'neu': 0.822, 'pos': 0.178, 'compound': 0.5984}, {'neg': 0.0, 'neu': 0.659, 'pos': 0.341, 'compound': 0.6908}, {'neg': 0.0, 'neu': 0.465, 'pos': 0.535, 'compound': 0.8481}, {'neg': 0.055, 'neu': 0.856, 'pos': 0.088, 'compound': 0.1655}, {'neg': 0.452, 'neu': 0.46, 'pos': 0.088, 'compound': -0.9246}, {'neg': 0.239, 'neu': 0.618, 'pos': 0.142, 'compound': -0.3818}, {'neg': 0.0, 'neu': 0.846, 'pos': 0.154, 'compound': 0.6369}, {'neg': 0.0, 'neu': 0.84, 'pos': 0.16, 'compound': 0.2263}]"
21,27,27,28,District 9,2009,18+,7.9,90%,1,0,0,0,0,Neill Blomkamp,"Action,Sci-Fi,Thriller","South Africa,United States,New Zealand,Canada","English,Nyanja,Afrikaans,Zulu,Xhosa,Southern Sotho",112.0,81.67999999999998,17.599999999999994,"[{'neg': 0.048, 'neu': 0.788, 'pos': 0.164, 'compound': 0.6808}, {'neg': 0.058, 'neu': 0.85, 'pos': 0.093, 'compound': 0.7855}, {'neg': 0.061, 'neu': 0.744, 'pos': 0.195, 'compound': 0.9472}, {'neg': 0.044, 'neu': 0.704, 'pos': 0.252, 'compound': 0.8537}]",6.281250000000001,16.195833333333333,"[{'neg': 0.154, 'neu': 0.846, 'pos': 0.0, 'compound': -0.3127}, {'neg': 0.0, 'neu': 0.839, 'pos': 0.161, 'compound': 0.3182}, {'neg': 0.163, 'neu': 0.767, 'pos': 0.07, 'compound': -0.7679}, {'neg': 0.0, 'neu': 0.417, 'pos': 0.583, 'compound': 0.4939}, {'neg': 0.061, 'neu': 0.758, 'pos': 0.182, 'compound': 0.5859}, {'neg': 0.243, 'neu': 0.689, 'pos': 0.068, 'compound': -0.8126}, {'neg': 0.0, 'neu': 0.525, 'pos': 0.475, 'compound': 0.8425}, {'neg': 0.298, 'neu': 0.702, 'pos': 0.0, 'compound': -0.7783}, {'neg': 0.181, 'neu': 0.819, 'pos': 0.0, 'compound': -0.4767}, {'neg': 0.0, 'neu': 0.847, 'pos': 0.153, 'compound': 0.7003}, {'neg': 0.0, 'neu': 0.839, 'pos': 0.161, 'compound': 0.2755}, {'neg': 0.0, 'neu': 0.886, 'pos': 0.114, 'compound': 0.4019}, {'neg': 0.154, 'neu': 0.846, 'pos': 0.0, 'compound': -0.3127}, {'neg': 0.0, 'neu': 0.839, 'pos': 0.161, 'compound': 0.3182}, {'neg': 0.163, 'neu': 0.767, 'pos': 0.07, 'compound': -0.7679}, {'neg': 0.0, 'neu': 0.417, 'pos': 0.583, 'compound': 0.4939}, {'neg': 0.0, 'neu': 0.525, 'pos': 0.475, 'compound': 0.8425}, {'neg': 0.298, 'neu': 0.702, 'pos': 0.0, 'compound': -0.7783}, {'neg': 0.181, 'neu': 0.819, 'pos': 0.0, 'compound': -0.4767}, {'neg': 0.0, 'neu': 0.847, 'pos': 0.153, 'compound': 0.7003}, {'neg': 0.0, 'neu': 0.839, 'pos': 0.161, 'compound': 0.2755}, {'neg': 0.0, 'neu': 0.886, 'pos': 0.114, 'compound': 0.4019}, {'neg': 0.0, 'neu': 0.894, 'pos': 0.106, 'compound': 0.4939}, {'neg': 0.088, 'neu': 0.814, 'pos': 0.097, 'compound': -0.1531}]"
22,28,28,29,The Irishman,2019,18+,7.9,96%,1,0,0,0,0,Martin Scorsese,"Biography,Crime,Drama",United States,"English,Italian,Latin,Spanish,German",209.0,67.9675,22.325,"[{'neg': 0.09, 'neu': 0.756, 'pos': 0.155, 'compound': 0.7719}, {'neg': 0.0, 'neu': 0.545, 'pos': 0.455, 'compound': 0.9552}, {'neg': 0.0, 'neu': 1.0, 'pos': 0.0, 'compound': 0.0}, {'neg': 0.025, 'neu': 0.692, 'pos': 0.283, 'compound': 0.9916}]",32.92625,15.808333333333332,"[{'neg': 0.101, 'neu': 0.749, 'pos': 0.15, 'compound': 0.2263}, {'neg': 0.081, 'neu': 0.919, 'pos': 0.0, 'compound': -0.3182}, {'neg': 0.096, 'neu': 0.75, 'pos': 0.154, 'compound': 0.5574}, {'neg': 0.0, 'neu': 0.796, 'pos': 0.204, 'compound': 0.6249}, {'neg': 0.198, 'neu': 0.802, 'pos': 0.0, 'compound': -0.4939}, {'neg': 0.0, 'neu': 0.802, 'pos': 0.198, 'compound': 0.7506}, {'neg': 0.312, 'neu': 0.427, 'pos': 0.261, 'compound': -0.296}, {'neg': 0.156, 'neu': 0.544, 'pos': 0.299, 'compound': 0.4767}, {'neg': 0.0, 'neu': 0.773, 'pos': 0.227, 'compound': 0.802}, {'neg': 0.0, 'neu': 0.855, 'pos': 0.145, 'compound': 0.6249}, {'neg': 0.0, 'neu': 0.792, 'pos': 0.208, 'compound': 0.743}, {'neg': 0.097, 'neu': 0.754, 'pos': 0.15, 'compound': 0.3818}, {'neg': 0.101, 'neu': 0.749, 'pos': 0.15, 'compound': 0.2263}, {'neg': 0.081, 'neu': 0.919, 'pos': 0.0, 'compound': -0.3182}, {'neg': 0.096, 'neu': 0.75, 'pos': 0.154, 'compound': 0.5574}, {'neg': 0.0, 'neu': 0.796, 'pos': 0.204, 'compound': 0.6249}, {'neg': 0.312, 'neu': 0.427, 'pos': 0.261, 'compound': -0.296}, {'neg': 0.156, 'neu': 0.544, 'pos': 0.299, 'compound': 0.4767}, {'neg': 0.0, 'neu': 0.773, 'pos': 0.227, 'compound': 0.802}, {'neg': 0.0, 'neu': 0.855, 'pos': 0.145, 'compound': 0.6249}, {'neg': 0.0, 'neu': 0.792, 'pos': 0.208, 'compound': 0.743}, {'neg': 0.097, 'neu': 0.754, 'pos': 0.15, 'compound': 0.3818}, {'neg': 0.0, 'neu': 1.0, 'pos': 0.0, 'compound': 0.0}, {'neg': 0.0, 'neu': 1.0, 'pos': 0.0, 'compound': 0.0}]"
23,29,29,30,Moon,2009,18+,7.9,90%,1,0,0,0,0,Duncan Jones,"Drama,Mystery,Sci-Fi","United Kingdom,United States","English,Spanish",97.0,16.559999999999995,12.225,"[{'neg': 0.0, 'neu': 0.87, 'pos': 0.13, 'compound': 0.5719}, {'neg': 0.136, 'neu': 0.781, 'pos': 0.083, 'compound': -0.7924}, {'neg': 0.119, 'neu': 0.697, 'pos': 0.184, 'compound': 0.3182}, {'neg': 0.046, 'neu': 0.862, 'pos': 0.092, 'compound': 0.5647}]",12.467916666666666,11.658333333333333,"[{'neg': 0.0, 'neu': 1.0, 'pos': 0.0, 'compound': 0.0}, {'neg': 0.0, 'neu': 0.918, 'pos': 0.082, 'compound': 0.3612}, {'neg': 0.078, 'neu': 0.922, 'pos': 0.0, 'compound': -0.1531}, {'neg': 0.0, 'neu': 0.896, 'pos': 0.104, 'compound': 0.6369}, {'neg': 0.0, 'neu': 0.647, 'pos': 0.353, 'compound': 0.872}, {'neg': 0.0, 'neu': 0.682, 'pos': 0.318, 'compound': 0.1027}, {'neg': 0.0, 'neu': 0.783, 'pos': 0.217, 'compound': 0.3818}, {'neg': 0.174, 'neu': 0.826, 'pos': 0.0, 'compound': -0.4215}, {'neg': 0.0, 'neu': 0.76, 'pos': 0.24, 'compound': 0.6249}, {'neg': 0.129, 'neu': 0.871, 'pos': 0.0, 'compound': -0.5994}, {'neg': 0.276, 'neu': 0.617, 'pos': 0.107, 'compound': -0.6369}, {'neg': 0.07, 'neu': 0.818, 'pos': 0.112, 'compound': 0.207}, {'neg': 0.0, 'neu': 1.0, 'pos': 0.0, 'compound': 0.0}, {'neg': 0.0, 'neu': 0.918, 'pos': 0.082, 'compound': 0.3612}, {'neg': 0.078, 'neu': 0.922, 'pos': 0.0, 'compound': -0.1531}, {'neg': 0.0, 'neu': 0.896, 'pos': 0.104, 'compound': 0.6369}, {'neg': 0.0, 'neu': 0.783, 'pos': 0.217, 'compound': 0.3818}, {'neg': 0.174, 'neu': 0.826, 'pos': 0.0, 'compound': -0.4215}, {'neg': 0.0, 'neu': 0.76, 'pos': 0.24, 'compound': 0.6249}, {'neg': 0.129, 'neu': 0.871, 'pos': 0.0, 'compound': -0.5994}, {'neg': 0.276, 'neu': 0.617, 'pos': 0.107, 'compound': -0.6369}, {'neg': 0.07, 'neu': 0.818, 'pos': 0.112, 'compound': 0.207}, {'neg': 0.0, 'neu': 0.816, 'pos': 0.184, 'compound': 0.5789}, {'neg': 0.0, 'neu': 0.781, 'pos': 0.219, 'compound': 0.6369}]"
24,30,30,31,Marriage Story,2019,18+,8.0,95%,1,0,0,0,0,Noah Baumbach,"Comedy,Drama,Romance","United Kingdom,United States","English,Spanish",137.0,14.98,16.175,"[{'neg': 0.137, 'neu': 0.791, 'pos': 0.072, 'compound': -0.4019}, {'neg': 0.118, 'neu': 0.605, 'pos': 0.277, 'compound': 0.984}, {'neg': 0.116, 'neu': 0.756, 'pos': 0.128, 'compound': 0.0974}, {'neg': 0.198, 'neu': 0.631, 'pos': 0.17, 'compound': -0.0803}]",33.37416666666667,17.804166666666667,"[{'neg': 0.0, 'neu': 0.908, 'pos': 0.092, 'compound': 0.3071}, {'neg': 0.104, 'neu': 0.677, 'pos': 0.219, 'compound': 0.4939}, {'neg': 0.0, 'neu': 0.915, 'pos': 0.085, 'compound': 0.3612}, {'neg': 0.172, 'neu': 0.828, 'pos': 0.0, 'compound': -0.3612}, {'neg': 0.187, 'neu': 0.73, 'pos': 0.083, 'compound': -0.51}, {'neg': 0.0, 'neu': 0.865, 'pos': 0.135, 'compound': 0.3919}, {'neg': 0.0, 'neu': 0.539, 'pos': 0.461, 'compound': 0.9389}, {'neg': 0.169, 'neu': 0.678, 'pos': 0.153, 'compound': -0.0772}, {'neg': 0.133, 'neu': 0.65, 'pos': 0.217, 'compound': 0.5719}, {'neg': 0.18, 'neu': 0.485, 'pos': 0.335, 'compound': 0.4939}, {'neg': 0.128, 'neu': 0.671, 'pos': 0.201, 'compound': 0.5423}, {'neg': 0.0, 'neu': 0.87, 'pos': 0.13, 'compound': 0.5106}, {'neg': 0.0, 'neu': 0.908, 'pos': 0.092, 'compound': 0.3071}, {'neg': 0.104, 'neu': 0.677, 'pos': 0.219, 'compound': 0.4939}, {'neg': 0.0, 'neu': 0.915, 'pos': 0.085, 'compound': 0.3612}, {'neg': 0.172, 'neu': 0.828, 'pos': 0.0, 'compound': -0.3612}, {'neg': 0.0, 'neu': 0.539, 'pos': 0.461, 'compound': 0.9389}, {'neg': 0.169, 'neu': 0.678, 'pos': 0.153, 'compound': -0.0772}, {'neg': 0.133, 'neu': 0.65, 'pos': 0.217, 'compound': 0.5719}, {'neg': 0.18, 'neu': 0.485, 'pos': 0.335, 'compound': 0.4939}, {'neg': 0.128, 'neu': 0.671, 'pos': 0.201, 'compound': 0.5423}, {'neg': 0.0, 'neu': 0.87, 'pos': 0.13, 'compound': 0.5106}, {'neg': 0.064, 'neu': 0.891, 'pos': 0.046, 'compound': -0.1779}, {'neg': 0.0, 'neu': 0.777, 'pos': 0.223, 'compound': 0.743}]"
25,32,32,33,Train to Busan,2016,,7.5,94%,1,0,1,0,0,Sang-ho Yeon,"Action,Horror,Thriller",South Korea,"Korean,Hawaiian",118.0,14.807499999999996,8.7,"[{'neg': 0.106, 'neu': 0.732, 'pos': 0.162, 'compound': 0.9833}, {'neg': 0.168, 'neu': 0.735, 'pos': 0.097, 'compound': -0.7717}, {'neg': 0.309, 'neu': 0.691, 'pos': 0.0, 'compound': -0.3976}, {'neg': 0.0, 'neu': 0.911, 'pos': 0.089, 'compound': 0.7783}]",13.938333333333333,15.091666666666667,"[{'neg': 0.295, 'neu': 0.705, 'pos': 0.0, 'compound': -0.5583}, {'neg': 0.258, 'neu': 0.502, 'pos': 0.239, 'compound': -0.2023}, {'neg': 0.0, 'neu': 0.771, 'pos': 0.229, 'compound': 0.8555}, {'neg': 0.0, 'neu': 0.78, 'pos': 0.22, 'compound': 0.5859}, {'neg': 0.0, 'neu': 1.0, 'pos': 0.0, 'compound': 0.0}, {'neg': 0.0, 'neu': 0.672, 'pos': 0.328, 'compound': 0.743}, {'neg': 0.0, 'neu': 1.0, 'pos': 0.0, 'compound': 0.0}, {'neg': 0.215, 'neu': 0.604, 'pos': 0.181, 'compound': -0.25}, {'neg': 0.0, 'neu': 0.588, 'pos': 0.412, 'compound': 0.6369}, {'neg': 0.061, 'neu': 0.939, 'pos': 0.0, 'compound': -0.1901}, {'neg': 0.0, 'neu': 0.723, 'pos': 0.277, 'compound': 0.7579}, {'neg': 0.073, 'neu': 0.927, 'pos': 0.0, 'compound': -0.3182}, {'neg': 0.295, 'neu': 0.705, 'pos': 0.0, 'compound': -0.5583}, {'neg': 0.258, 'neu': 0.502, 'pos': 0.239, 'compound': -0.2023}, {'neg': 0.0, 'neu': 0.771, 'pos': 0.229, 'compound': 0.8555}, {'neg': 0.0, 'neu': 0.78, 'pos': 0.22, 'compound': 0.5859}, {'neg': 0.0, 'neu': 1.0, 'pos': 0.0, 'compound': 0.0}, {'neg': 0.215, 'neu': 0.604, 'pos': 0.181, 'compound': -0.25}, {'neg': 0.0, 'neu': 0.588, 'pos': 0.412, 'compound': 0.6369}, {'neg': 0.061, 'neu': 0.939, 'pos': 0.0, 'compound': -0.1901}, {'neg': 0.0, 'neu': 0.723, 'pos': 0.277, 'compound': 0.7579}, {'neg': 0.073, 'neu': 0.927, 'pos': 0.0, 'compound': -0.3182}, {'neg': 0.268, 'neu': 0.732, 'pos': 0.0, 'compound': -0.7645}, {'neg': 0.0, 'neu': 0.822, 'pos': 0.178, 'compound': 0.7321}]"
26,33,33,34,Incredibles 2,2018,7+,7.6,94%,1,0,0,0,0,Brad Bird,"Animation,Action,Adventure,Comedy,Family,Sci-Fi",United States,English,118.0,84.7075,21.15,"[{'neg': 0.0, 'neu': 0.734, 'pos': 0.266, 'compound': 0.7391}, {'neg': 0.041, 'neu': 0.724, 'pos': 0.235, 'compound': 0.9861}, {'neg': 0.054, 'neu': 0.778, 'pos': 0.168, 'compound': 0.9863}, {'neg': 0.039, 'neu': 0.784, 'pos': 0.177, 'compound': 0.6768}]",59.9125,23.920833333333334,"[{'neg': 0.0, 'neu': 0.639, 'pos': 0.361, 'compound': 0.9161}, {'neg': 0.0, 'neu': 0.733, 'pos': 0.267, 'compound': 0.6369}, {'neg': 0.088, 'neu': 0.82, 'pos': 0.091, 'compound': 0.0258}, {'neg': 0.0, 'neu': 0.795, 'pos': 0.205, 'compound': 0.5574}, {'neg': 0.0, 'neu': 0.865, 'pos': 0.135, 'compound': 0.6486}, {'neg': 0.143, 'neu': 0.612, 'pos': 0.245, 'compound': 0.7184}, {'neg': 0.0, 'neu': 0.817, 'pos': 0.183, 'compound': 0.6326}, {'neg': 0.0, 'neu': 0.804, 'pos': 0.196, 'compound': 0.7269}, {'neg': 0.129, 'neu': 0.743, 'pos': 0.129, 'compound': 0.0}, {'neg': 0.0, 'neu': 0.856, 'pos': 0.144, 'compound': 0.4939}, {'neg': 0.0, 'neu': 0.599, 'pos': 0.401, 'compound': 0.9081}, {'neg': 0.091, 'neu': 0.579, 'pos': 0.329, 'compound': 0.8313}, {'neg': 0.0, 'neu': 0.639, 'pos': 0.361, 'compound': 0.9161}, {'neg': 0.0, 'neu': 0.733, 'pos': 0.267, 'compound': 0.6369}, {'neg': 0.088, 'neu': 0.82, 'pos': 0.091, 'compound': 0.0258}, {'neg': 0.0, 'neu': 0.795, 'pos': 0.205, 'compound': 0.5574}, {'neg': 0.0, 'neu': 0.817, 'pos': 0.183, 'compound': 0.6326}, {'neg': 0.0, 'neu': 0.804, 'pos': 0.196, 'compound': 0.7269}, {'neg': 0.129, 'neu': 0.743, 'pos': 0.129, 'compound': 0.0}, {'neg': 0.0, 'neu': 0.856, 'pos': 0.144, 'compound': 0.4939}, {'neg': 0.0, 'neu': 0.599, 'pos': 0.401, 'compound': 0.9081}, {'neg': 0.091, 'neu': 0.579, 'pos': 0.329, 'compound': 0.8313}, {'neg': 0.132, 'neu': 0.516, 'pos': 0.352, 'compound': 0.8271}, {'neg': 0.127, 'neu': 0.476, 'pos': 0.397, 'compound': 0.7269}]"
